business_unit,sub_unit,team
Prime Minister's Office,Prime Minister's Office,Private Office
Borders Trade and Brexit Opportunities,Border Readiness,Border Systems and Operational Assurance
Borders Trade and Brexit Opportunities,Border Readiness,Director's PO
Borders Trade and Brexit Opportunities,Border Readiness,Infrastructure
Borders Trade and Brexit Opportunities,Border Readiness,NI
Borders Trade and Brexit Opportunities,Border Readiness,PMO & Corporate
Borders Trade and Brexit Opportunities,"Border, Strategy and Design",Border Industry and Business Engagement
Borders Trade and Brexit Opportunities,"Border, Strategy and Design",Director's PO
Borders Trade and Brexit Opportunities,"Border, Strategy and Design","Ministerial, Parliamentary, Secretariat and Governance"
Borders Trade and Brexit Opportunities,"Border, Strategy and Design",Policy Coordination
Borders Trade and Brexit Opportunities,"Border, Strategy and Design","Strategy, Funding and Innovation"
Borders Trade and Brexit Opportunities,Brexit Opportunities,Brexit Opportunites
Borders Trade and Brexit Opportunities,Private Office,Director General's PO
Borders Trade and Brexit Opportunities,Trade Secretariat,Trade Secretariat
Cabinet Office Analysis,Analysis & Insight,Analytical Projects
Cabinet Office Analysis,Analysis & Insight,Civil Service People Survey
Cabinet Office Analysis,Analysis & Insight,Cross-cutting Research & Employee Wellbeing
Cabinet Office Analysis,Analysis & Insight,Data & Innovation
Cabinet Office Analysis,Analysis & Insight,Data & Operations
Cabinet Office Analysis,Analysis & Insight,Diversity & Inclusion Analysis
Cabinet Office Analysis,Analysis & Insight,Economics
Cabinet Office Analysis,Analysis & Insight,Leadership
Cabinet Office Analysis,Analysis & Insight,Workforce Analysis
Cabinet Office Assurance Finance & Controls,Cabinet Office Portfolio Office,Cabinet Office Portfolio Office
Cabinet Office Assurance Finance & Controls,Commercial Directorate,Commercial Directorate
Cabinet Office Assurance Finance & Controls,CSHR Finance,CSHR Finance
Cabinet Office Assurance Finance & Controls,"Delivery, Standards and Controls","Delivery, Standards and Controls"
Cabinet Office Assurance Finance & Controls,Finance Planning and Performance,Finance Planning and Performance
Cabinet Office Assurance Finance & Controls,Financial Control and Operations,Financial Control and Operations
Cabinet Office Assurance Finance & Controls,"Functional Strategy, Funding and Impact","Functional Strategy, Funding and Impact"
Cabinet Office Assurance Finance & Controls,Office of the Chief Financial Officer,Office of the Chief Financial Officer
Cabinet Office Assurance Finance & Controls,Security,Security
Cabinet Office Assurance Finance & Controls,The MyCO Programme,The MyCO Programme
Cabinet Office People and Places,Business Partnering,Business Partnering
Cabinet Office People and Places,Business Partnering,SCS
Cabinet Office People and Places,Culture and Change,Complex Casework
Cabinet Office People and Places,Culture and Change,Culture & Engagement
Cabinet Office People and Places,Culture and Change,Diversity & Inclusion
Cabinet Office People and Places,Culture and Change,Learning & Leadership
Cabinet Office People and Places,Culture and Change,SCS
Cabinet Office People and Places,Culture and Change,Talent & Performance
Cabinet Office People and Places,Directors Office,SCS
Cabinet Office People and Places,Estates,Estates
Cabinet Office People and Places,Operations,Culture & Engagement
Cabinet Office People and Places,Operations,Delegated Recruitment & Contracts
Cabinet Office People and Places,Operations,Health & Safety
Cabinet Office People and Places,Operations,PBST & Service Improvement
Cabinet Office People and Places,Operations,Resourcing Hub
Cabinet Office People and Places,Operations,SCS
Cabinet Office People and Places,Operations,SCS Recruitment
Cabinet Office People and Places,People and Locations,Estates
Cabinet Office People and Places,People and Locations,Locations Programme
Cabinet Office People and Places,People and Locations,Pay & Reward
Cabinet Office People and Places,People and Locations,Resourcing Hub
Cabinet Office People and Places,People and Locations,SWFP
Cabinet Office People and Places,Strategy and Policy,Complex Casework
Cabinet Office People and Places,Strategy and Policy,Pay & Reward
Cabinet Office People and Places,Strategy and Policy,Policy
Cabinet Office People and Places,Strategy and Policy,Private Office
Cabinet Office People and Places,Strategy and Policy,SCS
Cabinet Office People and Places,Strategy and Policy,"Strategy, Programme & Business"
Cabinet Office People and Places,Strategy and Policy,Talent & Performance
Cabinet Secretary Group,CO Public Records & Archives (COPRA),CO Public Records & Archives (COPRA)
Cabinet Secretary Group,Committee on Standards in Public Life,Committee on Standards in Public Life
Cabinet Secretary Group,Crown Appointments Team,Crown Appointments Team
Cabinet Secretary Group,Freedom of Information and Transparency Data Team,Freedom of Information Team
Cabinet Secretary Group,Freedom of Information and Transparency Data Team,Transparency Data Team
Cabinet Secretary Group,Head of Cabinet Secretary's Group,Head of Cabinet Secretary's Group
Cabinet Secretary Group,Honours and Appointments Secretariat,Honours and Appointments Secretariat
Cabinet Secretary Group,Integrity Systems,Integrity Systems
Cabinet Secretary Group,Private Office Cabinet Secretary,Private Office Cabinet Secretary
Cabinet Secretary Group,Privy Council Office,Privy Council Office
Cabinet Secretary Group,Projects,Projects
Cabinet Secretary Group,Propriety & Ethics,Propriety & Ethics
Cabinet Secretary Group,Public Appointments Centre (moving out of CSG),Public Appointments Centre
Cabinet Secretary Group,Public Appointments Team,Public Appointments Systems
Cabinet Secretary Group,SPAD HR,SPAD HR
Cabinet Secretary Group,Special Adviser,Special Adviser
Central Digital and Data Office,Data Architecture,Data Architect
Central Digital and Data Office,Data Architecture,Data Protection
Central Digital and Data Office,Data Architecture,Data Security
Central Digital and Data Office,Data Architecture,SLT
Central Digital and Data Office,Data Governance,Data Assests Management
Central Digital and Data Office,Data Governance,Data Frameworks & Standards
Central Digital and Data Office,Data Governance,Data Maturity and Governance
Central Digital and Data Office,Data Governance,Data Policy & Strategy
Central Digital and Data Office,Data Governance,Data Portfolio
Central Digital and Data Office,Data Governance,Exec Team
Central Digital and Data Office,Data Governance,SLT
Central Digital and Data Office,DDaT Workforce and Capability,DDaT Capability Development and Partnering
Central Digital and Data Office,DDaT Workforce and Capability,DDaT Capability Learning and Framework
Central Digital and Data Office,DDaT Workforce and Capability,DDaT Workforce Strategy and Transformation
Central Digital and Data Office,DDaT Workforce and Capability,SLT
Central Digital and Data Office,Exec Team,Exec Team
Central Digital and Data Office,Modernising Technology,Cloud Programme
Central Digital and Data Office,Modernising Technology,Interoperability Programme
Central Digital and Data Office,Modernising Technology,Principal Enterprise Architect
Central Digital and Data Office,Modernising Technology,SLT
Central Digital and Data Office,Performance and Assurance,Assurance Cluster Team 1
Central Digital and Data Office,Performance and Assurance,Assurance Cluster Team 2
Central Digital and Data Office,Performance and Assurance,Continuous Improvement
Central Digital and Data Office,Performance and Assurance,Exec Team
Central Digital and Data Office,Performance and Assurance,Performance & Assurance Tooling
Central Digital and Data Office,Performance and Assurance,SLT
Central Digital and Data Office,Securing Government Services,Protecting public sector domains
Central Digital and Data Office,Securing Government Services,PSN & FN4G
Central Digital and Data Office,Securing Government Services,Securing Digital Transformation
Central Digital and Data Office,Securing Government Services,SLT
Central Digital and Data Office,"Strategy, Analysis and System Reform",Functional Data and Analytics
Central Digital and Data Office,"Strategy, Analysis and System Reform",Performance & Operations
Central Digital and Data Office,"Strategy, Analysis and System Reform",SLT
Central Digital and Data Office,"Strategy, Analysis and System Reform",Strategy
Central Digital and Data Office,"Strategy, Analysis and System Reform",System Reform Strategy
Central Digital and Data Office,Transformation Change and Operations,Business Operations
Central Digital and Data Office,Transformation Change and Operations,CDDO Portfolio
Central Digital and Data Office,Transformation Change and Operations,DDaT and CDDO Communications
Central Digital and Data Office,Transformation Change and Operations,Governance and Parliamentary Correspondence
Central Digital and Data Office,Transformation Change and Operations,Leadership Team - TCO
Central Digital and Data Office,Transformation Change and Operations,Private Offices
Central Digital and Data Office,Transformation Change and Operations,SLT
Central Digital and Data Office,Transforming Government Services,Service Improvement
Central Digital and Data Office,Transforming Government Services,Service Performance
Central Digital and Data Office,Transforming Government Services,SLT
Central Digital and Data Office,Transforming Government Services,Strategy and Standards
Central Digital and Data Office,Transforming technology,Exec Team
Chief Digital and Information Office,AFC,Commercial and Finance
Chief Digital and Information Office,Arch,Architecture
Chief Digital and Information Office,CDIO,Private Office
Chief Digital and Information Office,Cyber,Cyber Architecture
Chief Digital and Information Office,Cyber,Cyber Defence
Chief Digital and Information Office,Cyber,Cyber Engineering
Chief Digital and Information Office,Cyber,Cyber Governance Risk and Compliance
Chief Digital and Information Office,Cyber,Leadership/Delivery
Chief Digital and Information Office,Data,Data Management
Chief Digital and Information Office,Data,Data Operations
Chief Digital and Information Office,Data,Data Privacy and Complance Team
Chief Digital and Information Office,Data,Data Strategy
Chief Digital and Information Office,Data,DKIM
Chief Digital and Information Office,Data,Private Office
Chief Digital and Information Office,Digital Delivery,Digital Delivery
Chief Digital and Information Office,Digital Delivery,GovWifi
Chief Digital and Information Office,i.AI,i.AI
Chief Digital and Information Office,SDO,Digital & Assurance
Chief Digital and Information Office,SDO,Engagement & Strategy
Chief Digital and Information Office,SDO,Leadership & Product
Chief Digital and Information Office,SDO,Planning and Resourcing Team
Chief Digital and Information Office,SDO,Training
Chief Digital and Information Office,Tech,CDIO IARM
Chief Digital and Information Office,Tech,Delivery
Chief Digital and Information Office,Tech,GDS Internal IT Services
Chief Digital and Information Office,Tech,Live Service
Chief Digital and Information Office,Tech,Secure IT
Chief Digital and Information Office,Tech,"Technical Operations, Cloud Services and Platforms"
Chief Digital and Information Office,Tech,Technology - Other
Chief Digital and Information Office,TechProg,Technology - Other
Chief Digital and Information Office,TechProg,Technology programmes
Chief Operating Officer Office,CO COO PO,CO COO PO
Civil Service Human Resources,CSHR Expert Services,Analysis & Insight
Civil Service Human Resources,CSHR Expert Services,CS Talent & SCS Strategy
Civil Service Human Resources,CSHR Expert Services,leadership
Civil Service Human Resources,CSHR Expert Services,Occupational Psychology Services
Civil Service Human Resources,CSHR Expert Services,Policy & Practice
Civil Service Human Resources,CSHR Expert Services,Policy and Practice
Civil Service Human Resources,CSHR Expert Services,"Reward, TUPE & Employment Framework"
Civil Service Human Resources,CSHR Expert Services,Secondments Unit
Civil Service Human Resources,CSHR Expert Services,Strategic Resourcing
Civil Service Human Resources,CSHR Expert Services,"Strategy, Engagement & Workforce Planning"
Civil Service Human Resources,CSHR Expert Services,"Strategy, Innovation & Workforce Planning"
Civil Service Human Resources,CSHR Expert Services,CSHR Expert Services
Civil Service Human Resources,Functional Management,Capability Based Pay
Civil Service Human Resources,Functional Management,CSHR Capability and Talent
Civil Service Human Resources,Functional Management,CSHR Employee and TU Relations
Civil Service Human Resources,Functional Management,CSHR Inclusive Practice
Civil Service Human Resources,Functional Management,CSHR Locations Programme & PMO
Civil Service Human Resources,Functional Management,CSHR Strategy Centre and GCPO
Civil Service Human Resources,Functional Management,HR Professional Capability & Standards
Civil Service Human Resources,Functional Management,Leadership
Civil Service Human Resources,Functional Management,Functional Management
Civil Service Human Resources,GCPO,Leadership
Civil Service Human Resources,Government Consulting Hub,Knowledge & Capability plus special projects
Civil Service Human Resources,Government Consulting Hub,Leadership
Civil Service Human Resources,Government Consulting Hub,Management Consultants
Civil Service Human Resources,Government Consulting Hub,Operations and Business Support
Civil Service Human Resources,Government Consulting Hub,Playbook & Triage
Civil Service Human Resources,Government Skills & Curriculum Unit,Apprenticeships
Civil Service Human Resources,Government Skills & Curriculum Unit,"FS24 Attraction, Selection and Onboarding"
Civil Service Human Resources,Government Skills & Curriculum Unit,FS24 Internships
Civil Service Human Resources,Government Skills & Curriculum Unit,FS24 On-Scheme Delivery
Civil Service Human Resources,Government Skills & Curriculum Unit,FS24 Strategic Business Partners
Civil Service Human Resources,Government Skills & Curriculum Unit,FS24 Support Services
Civil Service Human Resources,Government Skills & Curriculum Unit,"FS24 Training, Assessment and Curriculum"
Civil Service Human Resources,Government Skills & Curriculum Unit,FS24 Transformation Programme
Civil Service Human Resources,Government Skills & Curriculum Unit,GSCU Campus & Curriculum
Civil Service Human Resources,Government Skills & Curriculum Unit,GSCU Campus & Curriculum - S&D
Civil Service Human Resources,Government Skills & Curriculum Unit,GSCU College for National Security
Civil Service Human Resources,Government Skills & Curriculum Unit,GSCU Leadership College for Government
Civil Service Human Resources,Government Skills & Curriculum Unit,GSCU Leadership College for Government - Public sector
Civil Service Human Resources,Government Skills & Curriculum Unit,GSCU Private Office
Civil Service Human Resources,Government Skills & Curriculum Unit,Schools Outreach & T-levels
Civil Service Human Resources,Government Skills and Curriculum Unit,Fast Streamers
Civil Service Human Resources,Senior Talent and Resourcing,CSHR Senior Talent and Resourcing
Civil Service Human Resources,Workforce Analytics,Data & Innovation
Civil Service Human Resources,Workforce Analytics,Workforce Statistics
Civil Service Modernisation & Reform Unit,Evaluation Task Force,ETF
Civil Service Modernisation & Reform Unit,Heads of Place,HoP
Civil Service Modernisation & Reform Unit,Modernisation & Reform,Engagement
Civil Service Modernisation & Reform Unit,Modernisation & Reform,ISD
Civil Service Modernisation & Reform Unit,Modernisation & Reform,Prog & Corp
Civil Service Modernisation & Reform Unit,Modernisation & Reform,SMT
Commercial Models,Commercial Models,CAB ERG Commercial Portfolio Team
COP26,CEO and CP Private Offices,CEO Private Office
COP26,CEO and CP Private Offices,CP Private Office
COP26,Communications,Communications
COP26,Finance,Corporate
COP26,Finance,Finance
COP26,Negotiations and Engagement Team,International Engagement
COP26,Negotiations and Engagement Team,Negotiations
COP26,Negotiations and Engagement Team,Negotiations and Engagement Team
COP26,Strategy,Strategy
COP26,Corporate,Corporate
COP26,International Engagement,International Engagement
COP26,Negotiations,Negotiations
COP26,Strategy,Strategy
Economic and Domestic Secretariat,Central Secretariat,Inquiries & Reviews Team
Economic and Domestic Secretariat,Central Secretariat,Machinery of Government Team
Economic and Domestic Secretariat,Central Secretariat,Operation Cabinet Government Team
Economic and Domestic Secretariat,Economy & Business,Economy & Business
Economic and Domestic Secretariat,Illegal Migration Taskforce,Illegal Migration Taskforce
Economic and Domestic Secretariat,Infrastructure & Energy,Infrastructure & Energy
Economic and Domestic Secretariat,Justice & Home Affairs,Justice & Home Affairs
Economic and Domestic Secretariat,Northern Ireland/Ireland Unit,Northern Ireland
Economic and Domestic Secretariat,Northern Ireland/Ireland Unit,UK-Ireland Bilateral Relations
Economic and Domestic Secretariat,Parliamentary Business & Legislation,Parliamentary Business & Legislation
Economic and Domestic Secretariat,Private Office and Support,Private Office and Support
Economic and Domestic Secretariat,Public Services,Public Services
Economic and Domestic Secretariat,Senior Management,Parliamentary Advisor
Economic and Domestic Secretariat,Senior Management,Senior Management
Economic and Domestic Secretariat,Strategy & Analysis,Strategy & Analysis
Economic and Domestic Secretariat,Strategy & Priorities,Strategy & Priorities
Equality Hub,Disability Unit,Equality Hub Operations
Equality Hub,Disability Unit,External Stakeholders & Communications Team
Equality Hub,Disability Unit,Gender and Workplace Policy
Equality Hub,Disability Unit,International & Futures Team
Equality Hub,Disability Unit,X Gov.Strategy Delivery
Equality Hub,Government Equalities Office,Communications
Equality Hub,Government Equalities Office,Data and Analysis Team
Equality Hub,Government Equalities Office,Digital Team
Equality Hub,Government Equalities Office,Disabled Consumers Team
Equality Hub,Government Equalities Office,Equality Framework Team
Equality Hub,Government Equalities Office,Equality Hub Operations
Equality Hub,Government Equalities Office,Gender & Workplace Policy
Equality Hub,Government Equalities Office,Gender and Workplace Policy
Equality Hub,Government Equalities Office,International Gender
Equality Hub,Government Equalities Office,LGBT Domestic Policy team
Equality Hub,Government Equalities Office,LGBT International Team
Equality Hub,Government Equalities Office,"LGBT, Strategy and Comms"
Equality Hub,Government Equalities Office,Operations Team
Equality Hub,Government Equalities Office,Private Office for Minister for Women and Equalities
Equality Hub,Government Equalities Office,Private Office to the Minister of State for Equalities
Equality Hub,Government Equalities Office,Private Office to the PUS Minister for Equalities
Equality Hub,Government Equalities Office,Stakeholder Strategy & Advocacy Section
Equality Hub,Government Equalities Office,Strategy
Equality Hub,Government Equalities Office,"Strategy, Policy and Engagement"
Equality Hub,Government Equalities Office,Tackling Barriers Team
Equality Hub,Race Disparity Unit,Data and Analysis Team
Equality Hub,Race Disparity Unit,Digital Team
Equality Hub,Race Disparity Unit,Equality Hub
Equality Hub,Race Disparity Unit,"Strategy, Policy and Engagement"
Equality Hub,Social Mobility Commission,Operations Team
Equality Hub,Social Mobility Commission,Policy & Evidence Team
Equality Hub,Social Mobility Commission,Social Mobility Commission
Equality Hub,Social Mobility Commission,Stakeholder Strategy & Advocacy Section
Fraud Error Debt and Grants,Central Team,Central Team
Fraud Error Debt and Grants,Data Analytics Expansion,Data Analytics Expansion
Fraud Error Debt and Grants,Debt Team,Debt Team
Fraud Error Debt and Grants,Fraud & Error Policy Core,Fraud & Error Policy Core
Fraud Error Debt and Grants,National Fraud Initiative,National Fraud Initiative
Geospatial Commission,CFO,Contracts & Commercial
Geospatial Commission,CFO,Finance
Geospatial Commission,CFO,Portfolio Office & Assurance
Geospatial Commission,CFO,Secretariat & Business Management
Geospatial Commission,CFO,Senior Management Team
Geospatial Commission,NUAR,NUAR Product Delivery
Geospatial Commission,NUAR,NUAR Programme & Contract Mgmt
Geospatial Commission,NUAR,NUAR Strategy
Geospatial Commission,NUAR,Senior Management Team
Geospatial Commission,NUAR,Strategy innovation skills
Geospatial Commission,Sectors & Market policy,Data & Standards
Geospatial Commission,Sectors & Market policy,Geospatial Market Policy
Geospatial Commission,Sectors & Market policy,Infrastructure
Geospatial Commission,Sectors & Market policy,Land & Transport
Geospatial Commission,Sectors & Market policy,Senior Management Team
Geospatial Commission,Senior Management Team,Senior Management Team
Geospatial Commission,Strategy,Analysis & Data Strategy Team
Geospatial Commission,Strategy,Comms & Engagement
Geospatial Commission,Strategy,Senior Management Team
Geospatial Commission,Strategy,"Strategy, Innovation & skills"
Government Business Services,Civil Service Pensions,Casework
Government Business Services,Civil Service Pensions,Management
Government Business Services,Civil Service Pensions,Pensions Administration Services
Government Business Services,Civil Service Pensions,Pensions Change Portfolio
Government Business Services,Civil Service Pensions,Pensions Delivery
Government Business Services,Civil Service Pensions,Pensions Delivery and Remedy Policy
Government Business Services,Civil Service Pensions,Pensions Finance
Government Business Services,Civil Service Pensions,Pensions Future Services
Government Business Services,Civil Service Pensions,Pensions Policy and Legislation
Government Business Services,Civil Service Pensions,Pensions Risk and Compliance
Government Business Services,Civil Service Pensions,Pensions Technical and Policy
Government Business Services,Civil Service Pensions,Pensions Technical Strategy and Specialist Projects
Government Business Services,Civil Service Pensions,Private Office
Government Business Services,Civil Service Pensions,Valuation and Strategic Review
Government Business Services,Corporate Centre,Finance and Business Planning
Government Business Services,Corporate Centre,HR and People
Government Business Services,Corporate Centre,Management
Government Business Services,Corporate Centre,People Capability and Communications
Government Business Services,Corporate Centre,PMO and Portfolio
Government Business Services,Corporate Centre,Private Office
Government Business Services,GBS Policy & Strategy,Policy and Strategy
Government Business Services,Government Recruitment Service,CARO
Government Business Services,Government Recruitment Service,CARO and PEC
Government Business Services,Government Recruitment Service,Central Ops team
Government Business Services,Government Recruitment Service,Continuous Improvement
Government Business Services,Government Recruitment Service,DEFRA
Government Business Services,Government Recruitment Service,Deputy Director
Government Business Services,Government Recruitment Service,"Digital, Design & Insight"
Government Business Services,Government Recruitment Service,"Digital, Design and Insight"
Government Business Services,Government Recruitment Service,GRS
Government Business Services,Government Recruitment Service,HMRC
Government Business Services,Government Recruitment Service,PEC
Government Business Services,Government Recruitment Service,Recruitment
Government Business Services,Government Recruitment Service,Recruitment Delivery
Government Business Services,Government Recruitment Service,Recruitment HO/BEIS/UKSA
Government Business Services,Government Recruitment Service,Recruitment Ops and MI
Government Business Services,Government Recruitment Service,SCS and Exec Search
Government Business Services,Government Recruitment Service,Strategy
Government Business Services,Government Recruitment Service,Strategy and Transformation
Government Business Services,Platforms & Services,Architecture
Government Business Services,Platforms & Services,Cloud Transformation
Government Business Services,Platforms & Services,CRM
Government Business Services,Platforms & Services,CS Careers / Job Share
Government Business Services,Platforms & Services,CS Jobs BAU
Government Business Services,Platforms & Services,CS Jobs Replacement
Government Business Services,Platforms & Services,DART
Government Business Services,Platforms & Services,"Data, Quality and Performance"
Government Business Services,Platforms & Services,Digital Delivery
Government Business Services,Platforms & Services,Digital Learning
Government Business Services,Platforms & Services,FSET
Government Business Services,Platforms & Services,Information Assurance
Government Business Services,Platforms & Services,Interoperability Delivery - Central ID
Government Business Services,Platforms & Services,Interoperability Delivery - Civilian Reserves
Government Business Services,Platforms & Services,Interoperability Delivery - Cross-workstream
Government Business Services,Platforms & Services,Interoperability Delivery - Integration
Government Business Services,Platforms & Services,Interoperability Delivery - Movers
Government Business Services,Platforms & Services,Interoperability Delivery - Skills
Government Business Services,Platforms & Services,Interoperability Delivery - Unified Comms
Government Business Services,Platforms & Services,Interoperability Portfolio
Government Business Services,Platforms & Services,Management
Government Business Services,Platforms & Services,OTAP
Government Business Services,Platforms & Services,Portfolio
Government Business Services,Platforms & Services,Private Office
Government Business Services,Platforms & Services,Project Management
Government Business Services,Platforms & Services,Shared Services Delivery
Government Business Services,Platforms & Services,SOP / Workday
Government Business Services,Platforms & Services,System Management
Government Business Services,Platforms & Services,User Experience
Government Business Services,Shared Services Delivery,Shared Services Strategy Delivery
Government Business Services,Shared Services Strategy,Architecture
Government Business Services,Shared Services Strategy,Data
Government Business Services,Shared Services Strategy,"Data, Quality and Performance"
Government Business Services,Shared Services Strategy,Directors Office
Government Business Services,Shared Services Strategy,Management
Government Business Services,Shared Services Strategy,Private Office
Government Business Services,Shared Services Strategy,Process improvement
Government Business Services,Shared Services Strategy,Shared Services Strategy
Government Business Services,Shared Services Strategy,Shared Services Strategy Centre Leads
Government Business Services,Shared Services Strategy,Shared Services Strategy Delivery
Government Business Services,Shared Services Strategy,Shared Services Strategy PMO
Government Business Services,Shared Services Strategy,Shared Services Strategy TBC
Government Commercial Function,Capability,Capability
Government Commercial Function,CCIT,CCIT
Government Commercial Function,CCIT,Commercial Controls & Assurance
Government Commercial Function,CCIT,"Strategy & Comms, Standards & Oversight"
Government Commercial Function,Commercial Policy,Director & Business Planning
Government Commercial Function,Commercial Policy,International and Reform
Government Commercial Function,Commercial Policy,Open and Transparent Contracting
Government Commercial Function,Commercial Policy,Small Business and Domestic
Government Commercial Function,Complex Transactions Team,Complex Transactions Team
Government Commercial Function,GCCO Private Office,GCCO Private Office
Government Commercial Function,GCO (workday),A&I
Government Commercial Function,GCO (workday),BEIS
Government Commercial Function,GCO (workday),Career Break
Government Commercial Function,GCO (workday),CCS
Government Commercial Function,GCO (workday),DCMS
Government Commercial Function,GCO (workday),DEFRA
Government Commercial Function,GCO (workday),DFE
Government Commercial Function,GCO (workday),DFT
Government Commercial Function,GCO (workday),DHSC
Government Commercial Function,GCO (workday),DIT
Government Commercial Function,GCO (workday),DLUHC
Government Commercial Function,GCO (workday),DWP
Government Commercial Function,GCO (workday),FCDO (Previously DFID)
Government Commercial Function,GCO (workday),FCDO (Previously FCO)
Government Commercial Function,GCO (workday),GPA
Government Commercial Function,GCO (workday),HMRC
Government Commercial Function,GCO (workday),HMT
Government Commercial Function,GCO (workday),Home Office
Government Commercial Function,GCO (workday),Insolvency Service
Government Commercial Function,GCO (workday),MOD
Government Commercial Function,GCO (workday),MOJ
Government Commercial Function,GCO (workday),National Crime Agency
Government Commercial Function,GCO (workday),Secondment
Government Commercial Function,GGMF & GCG Directorate Services,GCG Directorate Services
Government Commercial Function,GGMF & GCG Directorate Services,GGMF Programme Delivery
Government Commercial Function,GGMF & GCG Directorate Services,"Grants Policy, Capability and Oversight"
Government Commercial Function,GGMF & GCG Directorate Services,Leadership
Government Commercial Function,Government Commercial Function,Head of Function
Government Commercial Function,"Markets, Sourcing and Suppliers",ARD
Government Commercial Function,"Markets, Sourcing and Suppliers",ARD (Commercial Analysts)
Government Commercial Function,"Markets, Sourcing and Suppliers",ARD (CRP)
Government Commercial Function,"Markets, Sourcing and Suppliers",ARD (Financial Analysis)
Government Commercial Function,"Markets, Sourcing and Suppliers",ARD (Market Health)
Government Commercial Function,"Markets, Sourcing and Suppliers",Crown Reps
Government Commercial Function,"Markets, Sourcing and Suppliers",Director
Government Commercial Function,"Markets, Sourcing and Suppliers",Finance
Government Commercial Function,"Markets, Sourcing and Suppliers",Implementation
Government Commercial Function,"Markets, Sourcing and Suppliers",Markets and Suppliers
Government Commercial Function,"Markets, Sourcing and Suppliers",PMO
Government Commercial Function,"Markets, Sourcing and Suppliers",Policy
Government Commercial Function,"Markets, Sourcing and Suppliers",SPM
Government Commercial Function,"Markets, Sourcing and Suppliers",SRM Programme
Government Communication Service,Government Communication Service,Rapid Response Unit
Government Communication Service,Business Partnerships Programme,Business Partnerships Programme
Government Communication Service,Cabinet Office Communications,Rapid Response Unit
Government Communication Service,Cabinet Office Communications,Cabinet Office Communications
Government Communication Service,Comms - GREAT Campaign Team,Comms - GREAT Campaign Team
Government Communication Service,Comms - Rapid Response Unit,Comms - Rapid Response Unit
Government Communication Service,Corporate Services/PMO Team,Corporate Services/PMO Team
Government Communication Service,Digital Communications,Digital Communications
Government Communication Service,Flex,Flex
Government Communication Service,GCS Behavioural Science,GCS Behavioural Science
Government Communication Service,GCS International,Rapid Response Unit
Government Communication Service,GCS International,GCS International
Government Communication Service,GCS International Operations Team,Rapid Response Unit
Government Communication Service,GCS International Operations Team,GCS International Operations Team
Government Communication Service,GCS Levy,GCS Levy
Government Communication Service,GCS Local,GCS Local
Government Communication Service,GIC Ukraine,GIC Ukraine
Government Communication Service,Insight & Evaluation,Rapid Response Unit
Government Communication Service,Insight & Evaluation,Insight & Evaluation
Government Communication Service,Management & Central Support,Management & Central Support
Government Communication Service,Media Monitoring Unit,Media Monitoring Unit
Government Communication Service,Private Office,Private Office
Government Communication Service,Reshaping GCS,Rapid Response Unit
Government Communication Service,Reshaping GCS,Reshaping GCS
Government Communication Service,XGOV Campaigns,XGOV Campaigns
Government Digital Service,GOV.UK,GOV.UK Content
Government Digital Service,GOV.UK,GOV.UK Publishing
Government Digital Service,GOV.UK,User Experience & Platform
Government Digital Service,Identity Services,Identity Live Service
Government Digital Service,Identity Services,Identity Product & Delivery
Government Digital Service,Identity Services,Identity Strategy & Programme Delivery
Government Digital Service,Identity Services,Verify
Government Digital Service,People & Business Services,Business Services
Government Digital Service,People & Business Services,Comms & Engagement
Government Digital Service,People & Business Services,DG & COO Private Office
Government Digital Service,People & Business Services,Internal IT & Information Assurance
Government Digital Service,People & Business Services,People Services
Government Digital Service,People & Business Services,Workplace Management
Government Digital Service,Product & Technology,Data & Insights
Government Digital Service,Product & Technology,Product Delivery
Government Digital Service,Product & Technology,Security & Engineering
Government Digital Service,Service Transformation,Digital Service Platforms
Government Digital Service,Service Transformation,GDS Advisory
Government Digital Service,Service Transformation,GDS International
Government Digital Service,Strategy & Operations,GOV.UK publishing
Government in Parliament,Government Chief Whip's Office,Government Chief Whip's Office
Government in Parliament,Government Chief Whip's Office,House of Lords Business Managers
Government in Parliament,Government Whips' Office,Government Whips' Office
Government in Parliament,House of Lords Business Managers,House of Lords Business Managers
Government in Parliament,Office of the Leader of the House of Commons,Office of the Leader of the House of Commons
Government in Parliament,Office of the Parliamentary Counsel,Office of the Parliamentary Counsel
Government in Parliament,Opposition Whips' Office,Opposition Whips' Office
Government Security Group,COO,COO
Government Security Group,DPC,DPC
Government Security Group,GCSO,GCSO
Government Security Group,Policy,Policy
Government Security Group,UKSV,Assurance
Government Security Group,UKSV,Commercial
Government Security Group,UKSV,Delivery
Government Security Group,UKSV,Digital
Government Security Group,UKSV,DSP
Government Security Group,UKSV,People
Grenfell Inquiry,Executive support to Solicitors team,Executive support to Solicitors team
Grenfell Inquiry,Finance and governance,Finance and governance
Grenfell Inquiry,Information Management,Information Management
Grenfell Inquiry,Leadership,Leadership
Grenfell Inquiry,Media and Comms,Media and Comms
Grenfell Inquiry,Operations,Operations
Grenfell Inquiry,Paralegal,Paralegal
Grenfell Inquiry,Policy,Policy
Grenfell Inquiry,Solicitors,Solicitors
Infected Blood Inquiry,Change to Inquiry Management Team/Communication,Change to Inquiry Management Team/Communication
Infected Blood Inquiry,Enagagement Team/Inquiry Management Team,Enagagement Team/Inquiry Management Team
Infected Blood Inquiry,Inquiry Management Team,Inquiry Management Team
Infected Blood Inquiry,Inquiry Management Team,Legal Team
Infected Blood Inquiry,Inquiry Management Team Finance,Inquiry Management Team Finance
Infected Blood Inquiry,Inquiry Management Team/Business Management,Inquiry Management Team/Business Management
Infected Blood Inquiry,Inquiry Management Team/Engagement Team,Inquiry Management Team/Engagement Team
Infected Blood Inquiry,Inquiry Management Team/Expert groups,Inquiry Management Team/Expert groups
Infected Blood Inquiry,Inquiry Management Team/Engagement Team,Inquiry Management Team/Engagement Team
Infected Blood Inquiry,Inquiry Management Team/Expert Groups,Inquiry Management Team/Expert Groups
Infected Blood Inquiry,Inquiry Management Team/Finance,Inquiry Management Team/Finance
Infected Blood Inquiry,Inquiry Management Team/HR,Inquiry Management Team/HR
Infected Blood Inquiry,Investigators,Investigators
Infected Blood Inquiry,Legal Team,Legal Team
Infrastructure and Projects Authority,Commercial Adviser Team,Commercial Adviser Team
Infrastructure and Projects Authority,Finance,Finance
Infrastructure and Projects Authority,Finance,Senior Leadership Team
Infrastructure and Projects Authority,"Function, Profession & Standards",Function & Standards
Infrastructure and Projects Authority,"Function, Profession & Standards",Function & Strandards
Infrastructure and Projects Authority,"Function, Profession & Standards",Professional Capability
Infrastructure and Projects Authority,"Function, Profession & Standards",Project Delivery Framework
Infrastructure and Projects Authority,"Function, Profession & Standards",Routemap
Infrastructure and Projects Authority,"Function, Profession & Standards",Senior Leadership Team
Infrastructure and Projects Authority,"Infrastructure, Enterprise & Growth",BEIS and Foreign Affairs
Infrastructure and Projects Authority,"Infrastructure, Enterprise & Growth",Housing Digital and Environmental Infrastructure
Infrastructure and Projects Authority,"Infrastructure, Enterprise & Growth",Project Delivery Senior Leadership Team
Infrastructure and Projects Authority,"Infrastructure, Enterprise & Growth",Transport
Infrastructure and Projects Authority,PFI Contract Expiry,PFI
Infrastructure and Projects Authority,Private Office Group,Business Management Team
Infrastructure and Projects Authority,Private Office Group,Executive Support Team
Infrastructure and Projects Authority,Private Office Group,Private Office
Infrastructure and Projects Authority,Project Delivery Adviser Team,Project Delivery Adviser Team
Infrastructure and Projects Authority,Public & Security Services,Defence
Infrastructure and Projects Authority,Public & Security Services,"Home, Tax & Legal"
Infrastructure and Projects Authority,Public & Security Services,Project Delivery Senior Leadership Team
Infrastructure and Projects Authority,Public & Security Services,Social Delivery
Infrastructure and Projects Authority,Public & Security Services,Public & Security Services
Infrastructure and Projects Authority,"Strategy, Performance & Assurance",Assurance & System Learning
Infrastructure and Projects Authority,"Strategy, Performance & Assurance","Performance, Benchmarking & Data"
Infrastructure and Projects Authority,"Strategy, Performance & Assurance",Project Futures
Infrastructure and Projects Authority,"Strategy, Performance & Assurance","Strategy, Policy and Planning"
Infrastructure and Projects Authority,"Strategy, Performance & Assurance","Strategy, Performance & Assurance"
Infrastructure and Projects Authority,Infrastructure and Projects Authority,Infrastructure and Projects Authority
Inquiries Sponsorship Team,Inquiry Team,Inquiry Team
Intelligence Security Committee,Intelligence Security Committee,Office of the Intelligence and Security Committee
Joint Intelligence Organisation,JIO,JIO
National Security Secretariat,Asia Pacific (China),AUKUS
National Security Secretariat,Asia Pacific (China),Asia Pacific (China)
National Security Secretariat,Civil Contingencies Secretariat (CCS),Acceleration Unit
National Security Secretariat,Civil Contingencies Secretariat (CCS),Biological Security Strategy
National Security Secretariat,Civil Contingencies Secretariat (CCS),Central Team
National Security Secretariat,Civil Contingencies Secretariat (CCS),Crisis Management
National Security Secretariat,Civil Contingencies Secretariat (CCS),National Risk & Infrastructure
National Security Secretariat,Civil Contingencies Secretariat (CCS),PO Matthew Collins
National Security Secretariat,Civil Contingencies Secretariat (CCS),Readiness & Response
National Security Secretariat,Civil Contingencies Secretariat (CCS),Training Doctrine & Standards
National Security Secretariat,Defence,CP/Exports/Industry
National Security Secretariat,Defence,Defence
National Security Secretariat,Defence,Defence Programme
National Security Secretariat,G7,G7 Corporate & Strategy
National Security Secretariat,G7,G7 Events & Logistics
National Security Secretariat,Intelligence Technology and Security (Intel Coord),CT/SOC
National Security Secretariat,Intelligence Technology and Security (Intel Coord),INTEL
National Security Secretariat,Intelligence Technology and Security (Intel Coord),INTEL/OSTS
National Security Secretariat,Intelligence Technology and Security (Intel Coord),Private Office Counsellor
National Security Secretariat,Intelligence Technology and Security (Intel Coord),Private Office ITSU Director
National Security Secretariat,Intelligence Technology and Security (Intel Coord),Resilience Capabilities
National Security Secretariat,Intelligence Technology and Security (Intel Coord),SOFIE
National Security Secretariat,International Affairs Unit,Europe & Russia
National Security Secretariat,International Affairs Unit,MEASA
National Security Secretariat,International Affairs Unit,PO Ingrid Southworth
National Security Secretariat,International Affairs Unit,US & ISE
National Security Secretariat,International Economic Unit,Business Management
National Security Secretariat,International Economic Unit,CGI and Development
National Security Secretariat,International Economic Unit,Climate Environment & Development
National Security Secretariat,International Economic Unit,EU Secretariat: Europe Strategy & Institutional Relationship
National Security Secretariat,International Economic Unit,G7/G20
National Security Secretariat,International Economic Unit,Global Britain Secretariat GB (O)
National Security Secretariat,International Economic Unit,Global Health
National Security Secretariat,International Economic Unit,Health Science Resilience
National Security Secretariat,International Economic Unit,International Economics Policy
National Security Secretariat,International Economic Unit,PO  Jonathan Black
National Security Secretariat,International Economic Unit,International Economic Unit
National Security Secretariat,Nuclear,Nuclear Sprints
National Security Secretariat,Private Office,PO Matthew Collins
National Security Secretariat,Private Office,PO Rob Harrison
National Security Secretariat,Private Office,PO Stephen Lovegrove
National Security Secretariat,State Threats Cyber Security and Economic Threats,Cyber Team
National Security Secretariat,State Threats Cyber Security and Economic Threats,Economic Threats
National Security Secretariat,State Threats Cyber Security and Economic Threats,Private Office Gemma Ungoed-Thomas
National Security Secretariat,State Threats Cyber Security and Economic Threats,State Threats
National Security Secretariat,Strategy Comms,National Security Communications
National Security Secretariat,Strategy Unit,Critical Enablers
National Security Secretariat,Strategy Unit,Diversity & Inclusion
National Security Secretariat,Strategy Unit,PO Strategy Unit
National Security Secretariat,Strategy Unit,SOFIE
National Security Secretariat,Strategy Unit,Strategic Advantage
National Security Secretariat,Strategy Unit,Strategic Finance
National Security Secretariat,Strategy Unit,Strategy Development
No 10 Communications,Press Office,Press Office
No 10 Communications,Press Office SpAds,Press Office SpAds
No 10 Communications,Prime Minister's Office,Digital Communications
No 10 Communications,Prime Minister's Office,Press Office
Office for Science and Technology Strategy,DG Office,DG Office
Office for Science and Technology Strategy,Strategy & Secretariat,Strategy & Secretariat
Office for Veteransí Affairs,"Policy, Programmes and Engagement",Administrative/Corporate Support
Office for Veteransí Affairs,"Policy, Programmes and Engagement",Business Management
Office for Veteransí Affairs,"Policy, Programmes and Engagement",Communications
Office for Veteransí Affairs,"Policy, Programmes and Engagement",Correspondence
Office for Veteransí Affairs,"Policy, Programmes and Engagement",Policy & Secretariat
Office for Veteransí Affairs,"Policy, Programmes and Engagement",Project Delivery
Office for Veteransí Affairs,"Policy, Programmes and Engagement",Senior Management
Office for Veteransí Affairs,"Research, Strategy and Data",Research & Strategy
Office for Veteransí Affairs,"Research, Strategy and Data",Senior Management
Office of Government Property,OGP - Chief Operating Officer,Chief Operating Officer
Office of Government Property,OGP - Data & Analysis,Data & Analysis
Office of Government Property,OGP - Places for Growth,Places for Growth
Office of Government Property,OGP - Property Profession,Property Profession
Office of Government Property,OGP - Facilities Management,Facilities Management
Office of Government Property,OGP - One Public Estate,One Public Estate
Office of Government Property,OGP - Property Programmes,Property Programmes
Office of Government Property,OGP - Strategy & Assurance,Strategy & Assurance
Planning and Analysis Secretariat,Commemoration / Recognition,Commemoration / Recognition
Planning and Analysis Secretariat,Economic Resilience Unit,Borders & Infrastructure
Planning and Analysis Secretariat,Economic Resilience Unit,Contingency Locations (Passengers)
Planning and Analysis Secretariat,Economic Resilience Unit,EU Contingencies
Planning and Analysis Secretariat,Economic Resilience Unit,EUCT Project Team
Planning and Analysis Secretariat,Economic Resilience Unit,"Goods, Energy and Food"
Planning and Analysis Secretariat,Economic Resilience Unit,Labour Markets
Planning and Analysis Secretariat,Economic Resilience Unit,Private Office
Planning and Analysis Secretariat,Economic Resilience Unit,TBC
Planning and Analysis Secretariat,Innovation,Innovation Team
Planning and Analysis Secretariat,Joint Data and Analysis Centre,CCS
Planning and Analysis Secretariat,Joint Data and Analysis Centre,Dashboard
Planning and Analysis Secretariat,Joint Data and Analysis Centre,Data Science & Production
Planning and Analysis Secretariat,Joint Data and Analysis Centre,Directorate
Planning and Analysis Secretariat,Joint Data and Analysis Centre,Foresight
Planning and Analysis Secretariat,Joint Data and Analysis Centre,Health Team
Planning and Analysis Secretariat,Joint Data and Analysis Centre,International
Planning and Analysis Secretariat,Joint Data and Analysis Centre,Operations and Strategy
Planning and Analysis Secretariat,Joint Data and Analysis Centre,Science
Planning and Analysis Secretariat,Joint Data and Analysis Centre,Situation Centre
Planning and Analysis Secretariat,Joint Data and Analysis Centre,Society
Planning and Analysis Secretariat,Joint Data and Analysis Centre,Thematic: Economic Resilience Unit Support
Planning and Analysis Secretariat,Joint Data and Analysis Centre,Thematic: Economy
Planning and Analysis Secretariat,Joint Data and Analysis Centre,Thematic: Society
Planning and Analysis Secretariat,Operations,Change & Operations Team
Planning and Analysis Secretariat,Public Sector Resilience Unit,Director General Offices
Planning and Analysis Secretariat,Public Sector Resilience Unit,Directorate
Planning and Analysis Secretariat,Public Sector Resilience Unit,Health Planning & Resilience
Planning and Analysis Secretariat,Public Sector Resilience Unit,Public Sector Planning & Resilience
Planning and Analysis Secretariat,Senior Officials and Private Offices,Director General Offices
Planning and Analysis Secretariat,Senior Officials and Private Offices,Director General Offices (Economic Resilience)
Planning and Analysis Secretariat,Senior Officials and Private Offices,Director General Offices (Public Sector Resilience)
Prime Minister's Office,Business Team,Business Team
Prime Minister's Office,Chief of Staff/CDL's Office,Chief of Staff/CDL's Office
Prime Minister's Office,Corporate Services,Corporate Services
Prime Minister's Office,Data Science Team (10DS),Data Science Team (10DS)
Prime Minister's Office,Delivery Unit,Delivery Unit
Prime Minister's Office,Diary Team,Diary Team
Prime Minister's Office,Direct Communications Unit (DCU),Direct Communications Unit (DCU)
Prime Minister's Office,Events & Visits,Events & Visits
Prime Minister's Office,Front of House (FoH),Front of House (FoH)
Prime Minister's Office,Honours & Appointments Team,Honours & Appointments Team
Prime Minister's Office,Legislation,Legislation
Prime Minister's Office,Permanent Secretary's Office,Permanent Secretary's Office
Prime Minister's Office,Policy Unit,Policy Unit
Prime Minister's Office,Policy Unit & HMT,Policy Unit & HMT
Prime Minister's Office,Private Office,Private Office
Prime Minister's Office,Private Office & HMT,Private Office & HMT
Prime Minister's Office,Private Office Support Team (PMPOST),Private Office Support Team (PMPOST)
Prime Minister's Office,Research & Messaging,Research & Messaging
Public Bodies,Policy,Policy
Public Bodies,Policy,Public Bodies
Public Bodies,Public Bodies,Policy
Public Bodies,Public Bodies,Public Bodies
Public Inquiry Response Unit,C-19 Public Inquiry Response Unit,C-19 Public Inquiry Response Unit
Public Inquiry Response Unit,"Discovery, Review and Disclosure",Discovery
Public Inquiry Response Unit,"Discovery, Review and Disclosure","Discovery, Review and Disclosure"
Public Inquiry Response Unit,"Discovery, Review and Disclosure",Review and Disclosure
Public Inquiry Response Unit,Programme and Engagement,Governance
Public Inquiry Response Unit,Programme and Engagement,Operations
Public Inquiry Response Unit,Programme and Engagement,Programme and Engagement
Public Inquiry Response Unit,Programme and Engagement,Stakeholder Engagement
Public Inquiry Response Unit,Programme and Engagement,Witness Support
Public Inquiry Response Unit,Strategy and Briefing,Ministers and Seniors
Public Inquiry Response Unit,Strategy and Briefing,Parlimentary and Ministerial
Public Inquiry Response Unit,Strategy and Briefing,Parlimentary Engagement
Public Inquiry Response Unit,Strategy and Briefing,Strategy and Core Narrative
Strategy Delivery and Private Office,CS & CO Governance Team,CS & CO Governance Team
Strategy Delivery and Private Office,CS COO,Civil Service Chief Operating Officer and Cabinet Office Permanent Secretary
Strategy Delivery and Private Office,GSMO,GSMO
Strategy Delivery and Private Office,GSMO,Reporting
Strategy Delivery and Private Office,GSMO,Strategic Planning & Performance
Strategy Delivery and Private Office,Lord Frost Private Office,Lord Frost Private Office
Strategy Delivery and Private Office,Ministerial Private Offices,Ministerial Private Office
Strategy Delivery and Private Office,Parliamentary and Correspondence Team,Parliamentary and Correspondence Team
Strategy Delivery and Private Office,PPU,Priority Projects Unit
Strategy Delivery and Private Office,Strategic Planning,Strategic Planning
Strategy Delivery and Private Office,Strategic Planning,"Strategy, Delivery and PO"
UK Governance Group,BIC,BIC Sec
UK Governance Group,CONSTITUTION OFFICE,SLT
UK Governance Group,Constitutional Settlement Division,Business Management
UK Governance Group,Constitutional Settlement Division,Constitutional Policy
UK Governance Group,Constitutional Settlement Division,DaCoP
UK Governance Group,Constitutional Settlement Division,Parliamentary Policy
UK Governance Group,Constitutional Settlement Division,SLT
UK Governance Group,Major Events,Ad Hoc Projects
UK Governance Group,Major Events,Diary Manager
UK Governance Group,Major Events,Engagement & Readiness
UK Governance Group,Major Events,Exercising & Preparedness
UK Governance Group,Major Events,GLA/CO Joint Unit
UK Governance Group,Major Events,OPS
UK Governance Group,Major Events,Policy & Programme Management
UK Governance Group,Major Events,Royal Household Support
UK Governance Group,Major Events,SLT
UK Governance Group,Major Events,Strategy
UK Governance Group,Major Events,Surge
UK Governance Group,Relocated teams,Relocated
UK Governance Group,Relocated teams,SLT
UK Governance Group,UK Governance Division,BIC & CDOT
UK Governance Group,UK Governance Division,Diary
UK Governance Group,UK Governance Division,Frameworks
UK Governance Group,UK Governance Division,IGR Implementation
UK Governance Group,UK Governance Division,IGR International
UK Governance Group,UK Governance Division,Loans
UK Governance Group,UK Governance Division,New posts
UK Governance Group,UK Governance Division,SLT
UK Governance Group,UK Governance Division,UP Sec